{"cameraMode":{"drawMode":0,"name":"Shaded","section":"Shading Mode"},"sceneLighting":false,"audioPlay":false,"sceneViewState":{"showFog":false,"showMaterialUpdate":true,"showSkybox":false,"showFlares":true,"showImageEffects":true,"showParticleSystems":true},"in2DMode":false,"pivot":{"x":0.08255733549594879,"y":0.06193125247955322,"z":-0.015138611197471619},"rotation":{"x":0.2881065309047699,"y":0.48334378004074099,"z":-0.17223599553108216,"w":0.8085198998451233},"size":0.22512690722942353,"orthographic":false}