{"cameraMode":{"drawMode":0,"name":"Shaded","section":"Shading Mode"},"sceneLighting":false,"audioPlay":false,"sceneViewState":{"showFog":false,"showMaterialUpdate":true,"showSkybox":false,"showFlares":true,"showImageEffects":true,"showParticleSystems":true},"in2DMode":false,"pivot":{"x":0.54228675365448,"y":0.287039190530777,"z":1.5000001192092896},"rotation":{"x":-0.23113170266151429,"y":0.6525070071220398,"z":-0.2193560153245926,"w":-0.6875085234642029},"size":0.3833490312099457,"orthographic":false}