{"cameraMode":{"drawMode":0,"name":"Shaded","section":"Shading Mode"},"sceneLighting":false,"audioPlay":false,"sceneViewState":{"showFog":false,"showMaterialUpdate":true,"showSkybox":false,"showFlares":true,"showImageEffects":true,"showParticleSystems":true},"in2DMode":false,"pivot":{"x":-0.22497618198394776,"y":2.7213830947875978,"z":-2.1700003147125246},"rotation":{"x":-0.267025351524353,"y":-0.5172440409660339,"z":0.17389044165611268,"w":-0.7942962646484375},"size":2.3315000534057619,"orthographic":false}