{"cameraMode":{"drawMode":0,"name":"Shaded","section":"Shading Mode"},"sceneLighting":false,"audioPlay":false,"sceneViewState":{"showFog":false,"showMaterialUpdate":true,"showSkybox":false,"showFlares":true,"showImageEffects":true,"showParticleSystems":true},"in2DMode":false,"pivot":{"x":-0.03140819072723389,"y":3.199284315109253,"z":-2.680000066757202},"rotation":{"x":0.3058437705039978,"y":0.5826790928840637,"z":-0.25104573369026186,"w":0.7098719477653503},"size":2.85745906829834,"orthographic":false}