{"cameraMode":{"drawMode":0,"name":"Shaded","section":"Shading Mode"},"sceneLighting":false,"audioPlay":false,"sceneViewState":{"showFog":false,"showMaterialUpdate":true,"showSkybox":false,"showFlares":true,"showImageEffects":true,"showParticleSystems":true},"in2DMode":false,"pivot":{"x":0.54228675365448,"y":0.287039190530777,"z":1.5000001192092896},"rotation":{"x":-0.15284840762615205,"y":-0.5641666650772095,"z":0.10722215473651886,"w":-0.8042545318603516},"size":0.3833490312099457,"orthographic":false}