{"cameraMode":{"drawMode":0,"name":"Shaded","section":"Shading Mode"},"sceneLighting":true,"audioPlay":false,"sceneViewState":{"showFog":false,"showMaterialUpdate":true,"showSkybox":true,"showFlares":true,"showImageEffects":true,"showParticleSystems":true},"in2DMode":false,"pivot":{"x":4.18963623046875,"y":1.7851617336273194,"z":2.487563133239746},"rotation":{"x":-0.19847702980041505,"y":-0.005602182354778051,"z":0.0011387027334421874,"w":-0.9800657033920288},"size":4.007123947143555,"orthographic":false}