{"cameraMode":{"drawMode":0,"name":"Shaded","section":"Shading Mode"},"sceneLighting":false,"audioPlay":false,"sceneViewState":{"showFog":false,"showMaterialUpdate":true,"showSkybox":false,"showFlares":true,"showImageEffects":true,"showParticleSystems":true},"in2DMode":false,"pivot":{"x":7.450580596923828e-9,"y":-2.9802322387695315e-8,"z":0.0005559623241424561},"rotation":{"x":-0.27456173300743105,"y":-0.508768618106842,"z":0.175298810005188,"w":-0.7968751788139343},"size":0.34579285979270937,"orthographic":false}