{"cameraMode":{"drawMode":0,"name":"Shaded","section":"Shading Mode"},"sceneLighting":false,"audioPlay":false,"sceneViewState":{"showFog":false,"showMaterialUpdate":true,"showSkybox":false,"showFlares":true,"showImageEffects":true,"showParticleSystems":true},"in2DMode":false,"pivot":{"x":-0.11296087503433228,"y":2.4590625762939455,"z":-2.0400004386901857},"rotation":{"x":-0.23113170266151429,"y":0.6525070071220398,"z":-0.2193560153245926,"w":-0.6875085234642029},"size":2.105139970779419,"orthographic":false}