{"cameraMode":{"drawMode":0,"name":"Shaded","section":"Shading Mode"},"sceneLighting":false,"audioPlay":false,"sceneViewState":{"showFog":false,"showMaterialUpdate":true,"showSkybox":false,"showFlares":true,"showImageEffects":true,"showParticleSystems":true},"in2DMode":false,"pivot":{"x":1.4901161193847657e-8,"y":0.3036344647407532,"z":0.4999999701976776},"rotation":{"x":-0.3299107849597931,"y":-0.46539896726608279,"z":0.19229315221309663,"w":-0.7984829545021057},"size":0.3745429515838623,"orthographic":false}