{"cameraMode":{"drawMode":0,"name":"Shaded","section":"Shading Mode"},"sceneLighting":false,"audioPlay":false,"sceneViewState":{"showFog":false,"showMaterialUpdate":true,"showSkybox":false,"showFlares":true,"showImageEffects":true,"showParticleSystems":true},"in2DMode":false,"pivot":{"x":-0.22497618198394776,"y":2.6613831520080568,"z":-2.1700003147125246},"rotation":{"x":0.3058437705039978,"y":0.5826790928840637,"z":-0.25104573369026186,"w":0.7098719477653503},"size":2.331500291824341,"orthographic":false}