{"cameraMode":{"drawMode":0,"name":"Shaded","section":"Shading Mode"},"sceneLighting":false,"audioPlay":false,"sceneViewState":{"showFog":false,"showMaterialUpdate":true,"showSkybox":false,"showFlares":true,"showImageEffects":true,"showParticleSystems":true},"in2DMode":false,"pivot":{"x":0.24882102012634278,"y":2.51074481010437,"z":-1.5085091590881348},"rotation":{"x":0.27594366669654848,"y":0.5857594609260559,"z":-0.22169466316699983,"w":0.7291021943092346},"size":1.8391010761260987,"orthographic":false}