{"cameraMode":{"drawMode":0,"name":"Shaded","section":"Shading Mode"},"sceneLighting":false,"audioPlay":false,"sceneViewState":{"showFog":false,"showMaterialUpdate":true,"showSkybox":false,"showFlares":true,"showImageEffects":true,"showParticleSystems":true},"in2DMode":false,"pivot":{"x":-0.03140819072723389,"y":3.3392844200134279,"z":-2.680000066757202},"rotation":{"x":0.10181798040866852,"y":-0.8760872483253479,"z":0.21189601719379426,"w":0.42095327377319338},"size":2.857459306716919,"orthographic":false}